16753297,ibm.github.io
56264636,BluePic
57317846,SparkMultiuserBenchmark
58493465,owplan
60423506,otc-slack-broker
60423713,otc-pagerduty-broker
60423751,otc-saucelabs-broker
60423790,node-nano-doc-updater
60423820,node-log4js-qradar-syslog-appender
60423844,node-swagger-ui-middleware
61070405,xlc-community-edition-dockerfile
63453689,ObjectizedTextInput
70183924,ibm-cloud-functions-serverless-iot-openfridge
70769104,CognitiveConcierge
71903006,message-catalog-manager
71910492,node-qradar-audit-logs-middleware
72784561,ibm-cloud-functions-serverless-ocr-openchecks
73958621,swift-enterprise-demo
75079910,pyxcli
76064346,logmet-client-njs
78024241,flocker-driver
78669724,node-i18n-utilities
81587476,ibm-cloud-functions-data-processing-message-hub
81587591,ibm-cloud-functions-data-processing-cloudant
81587695,ibm-cloud-functions-serverless-apis
82159521,serverless-home-automation
82206588,openwhisk-getting-started-template
82599303,air-traffic-control
82961142,ibm-cloud-functions-action-trigger-rule
82961246,ibm-cloud-functions-polyglot-development
16753297,ibm.github.io
56264636,BluePic
57317846,SparkMultiuserBenchmark
58493465,owplan
60423506,otc-slack-broker
60423713,otc-pagerduty-broker
60423751,otc-saucelabs-broker
60423790,node-nano-doc-updater
60423820,node-log4js-qradar-syslog-appender
60423844,node-swagger-ui-middleware
61070405,xlc-community-edition-dockerfile
63453689,ObjectizedTextInput
70183924,ibm-cloud-functions-serverless-iot-openfridge
70769104,CognitiveConcierge
71903006,message-catalog-manager
71910492,node-qradar-audit-logs-middleware
72784561,ibm-cloud-functions-serverless-ocr-openchecks
73958621,swift-enterprise-demo
75079910,pyxcli
76064346,logmet-client-njs
78024241,flocker-driver
78669724,node-i18n-utilities
81587476,ibm-cloud-functions-data-processing-message-hub
81587591,ibm-cloud-functions-data-processing-cloudant
81587695,ibm-cloud-functions-serverless-apis
82159521,serverless-home-automation
82206588,openwhisk-getting-started-template
82599303,air-traffic-control
82961142,ibm-cloud-functions-action-trigger-rule
82961246,ibm-cloud-functions-polyglot-development
